MES;ANYO;IDSEC;ORDEN_VIAJE;ORDEN_REP;CCAADEST;PROVDEST;PAISDEST;DESTESP;MOTIV;TIPOVIAJ;NPERNOC;NPERNOC_CORR;VIAJA_SOLO;VIAJA_PAREJA;VIAJA_HIJOS;VIAJA_OTROSFAMILIARES;VIAJA_AMIGOS;VIAJA_COMPTRABAJO;ALOJAPRIN;NESTR_PPAL;TRANSPRIN;LOW_COST;AVE;PAQUETE;PAQ_TRANSP;PAQ_ALOJA;PAQ_COMBEB;PAQ_ACT;BLOQUE_ETAPAS;IMPU_PARCIAL;PAGO_ALOJA;PAGO_TRANS;PAGO_MANUT;GASTO_PAQ;GASTOFI_PAQ;IGASTOFI_PAQ;GASTO_ALOJA;GASTOFI_ALOJA;IGASTOFI_ALOJA;GASTO_TRANS;GASTOFI_TRANS;IGASTOFI_TRANS;GASTO_BAREST;GASTOFI_BAREST;IGASTOFI_BAREST;GASTO_ACT;GASTOFI_ACT;IGASTOFI_ACT;GASTO_BIENDUR;GASTOFI_BIENDUR;IGASTOFI_BIENDUR;GASTO_RESTO;GASTOFI_RESTO;IGASTOFI_RESTO;GASTOFI_TOTAL;IGASTOFI_TOTAL;ANT_TRANSP;RESERV_TRANSP;ANT_ALOJA;RESERV_ALOJA;PPAL_TRANSP_PAQ;PPAL_ALOJA_PAQ;ANT_PAQ;RESERV_PAQ;ACTI_GOLF;ACTI_DEPOR;ACTI_NAVEGA;ACTI_OTROSNAUTICOS;ACTI_CAZA;ACTI_SENDER;ACTI_AVENTURA;ACTI_CABALLO;ACTI_OTROSDEPORTES;ACTI_ESPECDEPOR;ACTI_VISITASCULTU;ACTI_ESPECULTU;ACTI_OTRASCULTU;ACTI_CIUDADES;ACTI_RURALES;ACTI_TEMATICOS;ACTI_RELAX;ACTI_JUEGOS;ACTI_GASTRO;ACTI_DIVER;ACTI_RELIGION;ACTI_CONGRESOS;ACTI_AREASNATU;ACTI_PLAYA;ACTI_FAMILIA;ACTI_COMPRAS;GRADO_SATISF;FIDELIDAD_DEST;MIEMV;MIEMV_15MAS;MIEMV_15MENOS;SEXO;EDAD;CCAA_RESIDENCIA;TAMAMU;URBA;PAISNAC;NACION;PAISNACIO;ECIVIL;CONV;NIVELEST;RELAECON;SITPROF;TIPHOGAR;MH;VIVSEC;INGR_HOG;CORR15_VT;FACTORVI_15MAS;FACTORVI_TOT;FACTORGAS_TOT
04;2020;00073;01;01;16;48;108;1;08;10;114;33;1;0;0;0;0;0;11;;01;1;;6;;;;;6;6;;;;6;0;5;6;0;5;1;95,01;4;1;323,64;4;1;29,98;4;6;0;5;1;249,83;4;698,46;4;3;1;;;;;;;0;0;0;0;0;0;0;0;0;0;0;1;0;0;0;0;0;0;0;0;0;0;0;0;1;0;;;1;1;0;2;071;01;2;2;1;1;1;4;3;2;3;;1;1;6;3;1;3315,002162;3315,002162;3315,002162
04;2020;00083;01;01;04;07;108;1;08;02;2;2;0;0;0;1;0;0;11;;05;;;6;;;;;6;6;;;;6;0;5;6;0;5;1;10,04;1;6;0;5;6;0;5;6;0;5;1;34,56;1;44,6;1;;;;;;;;;0;0;0;0;0;0;0;0;0;0;0;0;0;0;0;0;0;0;0;0;0;0;0;0;1;0;;;3;2;1;2;019;04;3;2;1;1;1;1;3;3;4;;2;4;6;4;3,143027;1374,23308;4319,251675;2846,741032
04;2020;00083;01;04;04;07;108;1;08;02;2;2;0;0;0;1;0;0;11;;05;;;6;;;;;6;6;;;;6;0;5;6;0;5;1;10,04;1;6;0;5;6;0;5;6;0;5;1;34,56;1;44,6;1;;;;;;;;;0;0;0;0;0;0;0;0;0;0;0;0;0;0;0;0;0;0;0;0;0;0;0;0;1;0;;;3;2;1;2;019;04;3;2;1;1;1;1;3;3;4;;2;4;6;4;3,143027;1374,23308;4319,251675;2846,741032
04;2020;00083;01;03;04;07;108;1;08;02;2;2;0;0;0;1;0;0;11;;05;;;6;;;;;6;6;;;;6;0;5;6;0;5;1;10,04;1;6;0;5;6;0;5;6;0;5;1;34,56;1;44,6;1;;;;;;;;;0;0;0;0;0;0;0;0;0;0;0;0;0;0;0;0;0;0;0;0;0;0;0;0;1;0;;;3;2;1;2;019;04;3;2;1;1;1;1;3;3;4;;2;4;6;4;3,143027;1374,23308;4319,251675;2846,741032
04;2020;00083;01;02;04;07;108;1;08;09;2;2;0;0;0;1;0;0;11;;05;;;6;;;;;6;6;;;;6;0;5;6;0;5;1;10,04;1;6;0;5;6;0;5;6;0;5;1;34,56;1;44,6;1;;;;;;;;;0;0;0;0;0;0;0;0;0;0;0;0;0;0;0;0;0;0;0;0;0;0;0;0;1;0;;;3;2;1;2;019;04;3;2;1;1;1;1;3;3;4;;2;4;6;4;3,143027;1374,23308;4319,251675;2846,741032
04;2020;00236;01;05;05;38;108;1;08;02;2;2;1;0;0;0;0;0;11;;05;;;6;;;;;6;6;;;;6;0;5;6;0;5;1;20,3;1;6;0;5;6;0;5;6;0;5;1;56,53;2;76,83;2;;;;;;;;;0;0;0;0;0;0;0;0;0;0;0;0;0;0;0;0;0;0;0;0;0;0;0;0;1;0;;;1;1;0;1;052;05;1;1;1;1;1;1;3;4;1;3;1;1;6;3;1;744,91894;744,91894;744,91894
04;2020;00236;01;08;05;38;108;1;08;02;2;2;1;0;0;0;0;0;11;;05;;;6;;;;;6;6;;;;6;0;5;6;0;5;1;20,3;1;6;0;5;6;0;5;6;0;5;1;56,53;2;76,83;2;;;;;;;;;0;0;0;0;0;0;0;0;0;0;0;0;0;0;0;0;0;0;0;0;0;0;0;0;1;0;;;1;1;0;1;052;05;1;1;1;1;1;1;3;4;1;3;1;1;6;3;1;744,91894;744,91894;744,91894
04;2020;00236;01;07;05;38;108;1;08;02;2;2;1;0;0;0;0;0;11;;05;;;6;;;;;6;6;;;;6;0;5;6;0;5;1;20,3;1;6;0;5;6;0;5;6;0;5;1;56,53;2;76,83;2;;;;;;;;;0;0;0;0;0;0;0;0;0;0;0;0;0;0;0;0;0;0;0;0;0;0;0;0;1;0;;;1;1;0;1;052;05;1;1;1;1;1;1;3;4;1;3;1;1;6;3;1;744,91894;744,91894;744,91894
04;2020;00236;01;06;05;38;108;1;08;09;2;2;1;0;0;0;0;0;11;;05;;;6;;;;;6;6;;;;6;0;5;6;0;5;1;20,3;1;6;0;5;6;0;5;6;0;5;1;56,53;2;76,83;2;;;;;;;;;0;0;0;0;0;0;0;0;0;0;0;0;0;0;0;0;0;0;0;0;0;0;0;0;1;0;;;1;1;0;1;052;05;1;1;1;1;1;1;3;4;1;3;1;1;6;3;1;744,91894;744,91894;744,91894
04;2020;00289;01;01;06;39;108;1;17;06;5;5;;;;;;;11;;05;;;;;;;;6;6;;2;2;;0;5;6;0;5;1;11,12;1;6;0;5;6;0;5;6;0;5;1;91,09;1;102,21;1;;;;;;;;;;;;;;;;;;;;;;;;;;;;;;;;;;;;;2;1;1;2;038;06;5;3;1;1;1;2;1;3;1;3;4;3;6;3;5,286055;852,37875;4505,720953;2679,04761
04;2020;00289;01;03;06;39;108;1;17;06;5;5;;;;;;;11;;05;;;;;;;;6;6;;2;2;;0;5;6;0;5;1;11,12;1;6;0;5;6;0;5;6;0;5;1;91,09;1;102,21;1;;;;;;;;;;;;;;;;;;;;;;;;;;;;;;;;;;;;;2;1;1;2;038;06;5;3;1;1;1;2;1;3;1;3;4;3;6;3;5,286055;852,37875;4505,720953;2679,04761
04;2020;00289;01;02;06;39;108;1;17;06;5;5;;;;;;;11;;05;;;;;;;;6;6;;2;2;;0;5;6;0;5;1;11,12;1;6;0;5;6;0;5;6;0;5;1;91,09;1;102,21;1;;;;;;;;;;;;;;;;;;;;;;;;;;;;;;;;;;;;;2;1;1;2;038;06;5;3;1;1;1;2;1;3;1;3;4;3;6;3;5,286055;852,37875;4505,720953;2679,04761
04;2020;00607;01;01;10;03;108;1;08;10;9;9;1;0;0;0;0;0;11;;05;;;6;;;;;6;6;;;;6;0;5;6;0;5;1;16,58;1;6;0;5;6;0;5;6;0;5;1;107,17;1;123,75;1;;;;;;;;;0;0;0;0;0;0;0;0;0;0;0;0;0;0;0;0;0;0;0;0;0;0;0;0;1;0;;;1;1;0;1;015;10;2;1;1;1;1;1;3;;;;2;2;6;4;1;1372,847305;1372,847305;1372,847305
04;2020;00625;01;01;16;20;108;1;12;10;5;5;1;0;0;0;0;0;09;;05;;;6;;;;;6;6;;;;6;0;5;1;105,74;2;1;3,26;1;6;0;5;6;0;5;6;0;5;1;43,13;1;152,13;2;;;1;02;;;;;;;;;;;;;;;;;;;;;;;;;;;;;;;;;1;1;0;2;084;16;4;2;1;1;1;3;3;1;3;;2;2;1;4;1;6044,306818;6044,306818;6044,306818
04;2020;00656;01;03;08;02;108;1;17;06;6;6;;;;;;;11;;05;;;;;;;;6;6;;2;2;;0;5;6;0;5;1;24,93;1;6;0;5;6;0;5;6;0;5;1;64,54;1;89,47;1;;;;;;;;;;;;;;;;;;;;;;;;;;;;;;;;;;;;;1;1;0;1;054;08;1;1;1;1;1;1;2;4;1;1;4;3;6;3;1;663,452673;663,452673;663,452673
04;2020;00656;01;06;08;02;108;1;17;06;6;6;;;;;;;11;;05;;;;;;;;6;6;;2;2;;0;5;6;0;5;1;24,93;1;6;0;5;6;0;5;6;0;5;1;64,54;1;89,47;1;;;;;;;;;;;;;;;;;;;;;;;;;;;;;;;;;;;;;1;1;0;1;054;08;1;1;1;1;1;1;2;4;1;1;4;3;6;3;1;663,452673;663,452673;663,452673
04;2020;00656;01;05;08;02;108;1;17;06;6;6;;;;;;;11;;05;;;;;;;;6;6;;2;2;;0;5;6;0;5;1;24,93;1;6;0;5;6;0;5;6;0;5;1;64,54;1;89,47;1;;;;;;;;;;;;;;;;;;;;;;;;;;;;;;;;;;;;;1;1;0;1;054;08;1;1;1;1;1;1;2;4;1;1;4;3;6;3;1;663,452673;663,452673;663,452673
04;2020;00656;01;04;08;02;108;1;17;06;6;6;;;;;;;11;;05;;;;;;;;6;6;;2;2;;0;5;6;0;5;1;24,93;1;6;0;5;6;0;5;6;0;5;1;64,54;1;89,47;1;;;;;;;;;;;;;;;;;;;;;;;;;;;;;;;;;;;;;1;1;0;1;054;08;1;1;1;1;1;1;2;4;1;1;4;3;6;3;1;663,452673;663,452673;663,452673
04;2020;00772;01;02;03;33;108;1;08;09;4;4;0;1;0;0;0;0;10;;05;;;6;;;;;6;6;;;;6;0;5;6;0;5;1;17,89;1;1;46,79;1;6;0;5;6;0;5;1;52,46;1;117,14;1;;;;;;;;;0;0;0;0;0;1;0;0;0;0;0;0;0;0;0;0;0;0;0;0;0;0;0;0;1;0;;;1;1;0;2;021;03;1;1;1;1;1;1;3;3;4;;2;3;1;4;1;1462,523984;1462,523984;1462,523984
04;2020;00772;01;03;03;33;108;1;08;10;4;4;0;1;0;0;0;0;10;;05;;;6;;;;;6;6;;;;6;0;5;6;0;5;1;17,89;1;1;46,79;1;6;0;5;6;0;5;1;52,46;1;117,14;1;;;;;;;;;0;0;0;0;0;1;0;0;0;0;0;0;0;0;0;0;0;0;0;0;0;0;0;0;1;0;;;1;1;0;2;021;03;1;1;1;1;1;1;3;3;4;;2;3;1;4;1;1462,523984;1462,523984;1462,523984
04;2020;00898;01;01;03;33;108;1;08;10;4;4;0;1;0;0;0;0;11;;05;;;6;;;;;6;6;;;;6;0;5;6;0;5;1;16,88;1;6;0;5;6;0;5;6;0;5;1;48,27;1;65,15;1;;;;;;;;;0;0;0;0;0;0;0;0;0;0;0;0;0;0;0;0;0;0;0;0;0;0;0;0;1;0;;;2;2;0;1;067;03;4;3;1;1;1;2;1;4;3;;3;2;6;3;1;559,519925;559,519925;559,519925
04;2020;00949;01;01;01;11;108;1;08;10;53;33;0;0;1;0;0;0;11;;05;;;6;;;;;6;6;;;;6;0;5;6;0;5;1;2,58;4;6;0;5;6;0;5;6;0;5;1;141,35;4;143,93;4;;;;;;;;;0;0;0;0;0;0;0;0;0;0;0;0;0;0;0;0;0;0;0;0;0;0;0;0;1;0;;;1;1;0;2;082;01;2;1;1;1;1;3;3;1;4;;1;1;6;1;1;2318,302446;2318,302446;2318,302446
04;2020;01070;01;01;01;18;108;1;08;10;14;14;0;0;0;1;0;0;11;;05;;;6;;;;;6;6;;;;6;0;5;6;0;5;1;1,97;1;6;0;5;6;0;5;6;0;5;1;71,75;2;73,72;2;;;;;;;;;0;0;0;0;0;0;0;0;0;0;0;0;0;0;0;0;0;0;0;0;0;0;0;0;1;0;;;1;1;0;1;016;01;5;1;1;1;1;1;3;1;4;;2;3;6;3;1;3294,525939;3294,525939;3294,525939
04;2020;01294;01;01;10;03;108;1;15;10;47;33;0;1;0;0;0;0;10;;05;;;6;;;;;6;6;;;;6;0;5;6;0;5;1;4,42;2;6;0;5;6;0;5;6;0;5;1;201,3;4;205,72;2;;;;;;;;;0;0;0;0;0;0;0;0;0;0;0;0;0;0;0;0;0;0;0;0;0;0;0;0;0;0;;;2;2;0;1;059;10;1;1;1;1;1;2;1;4;1;3;4;3;1;6;1;2253,686141;2253,686141;2253,686141
04;2020;01785;01;01;05;35;108;1;08;02;2;2;0;0;0;1;0;0;11;;05;;;6;;;;;6;6;;;;6;0;5;6;0;5;1;13,16;2;6;0;5;6;0;5;6;0;5;1;47,89;2;61,05;2;;;;;;;;;0;0;0;0;0;0;0;0;0;0;0;0;0;0;0;0;0;0;0;0;0;0;0;0;1;0;;;3;2;1;2;017;05;1;1;1;3;2;1;3;2;4;;2;4;6;3;3,143027;1924,481319;6048,696747;3986,587149
04;2020;01789;01;01;15;31;108;1;08;02;1;1;0;0;1;0;0;0;11;;05;;;6;;;;;6;6;;;;6;0;5;6;0;5;1;12,85;1;6;0;5;6;0;5;6;0;5;1;21,03;1;33,88;1;;;;;;;;;0;0;0;0;0;0;0;0;0;0;0;0;0;0;0;0;0;0;0;0;0;0;0;0;1;0;;;2;2;0;2;055;15;1;1;1;1;1;1;3;4;1;3;2;2;6;1;1;635,276764;635,276764;635,276764
04;2020;01987;01;01;05;38;108;1;17;06;12;12;;;;;;;03;;03;;;;;;;;6;6;2;1;3;;0;5;1;442,01;1;1;145,54;1;1;249,14;1;6;0;5;6;0;5;1;204,29;1;1040,98;1;;;;;;;;;;;;;;;;;;;;;;;;;;;;;;;;;;;;;1;1;0;1;046;05;1;1;1;1;1;2;3;4;1;3;4;3;6;5;1;1040,969491;1040,969491;1040,969491
04;2020;01987;01;02;05;38;108;1;17;06;12;12;;;;;;;03;;03;;;;;;;;6;6;2;1;3;;0;5;1;442,01;1;1;145,54;1;1;249,14;1;6;0;5;6;0;5;1;204,29;1;1040,98;1;;;;;;;;;;;;;;;;;;;;;;;;;;;;;;;;;;;;;1;1;0;1;046;05;1;1;1;1;1;2;3;4;1;3;4;3;6;5;1;1040,969491;1040,969491;1040,969491
04;2020;02116;01;03;13;28;108;1;17;06;1;1;;;;;;;09;;05;;;;;;;;6;6;1;2;2;;0;5;1;26,06;2;1;10,75;1;6;0;5;6;0;5;6;0;5;1;13,03;1;49,84;2;;;;;;;;;;;;;;;;;;;;;;;;;;;;;;;;;;;;;1;1;0;2;039;13;1;1;1;1;1;1;3;3;1;3;2;2;6;3;1;1062,564272;1062,564272;1062,564272
04;2020;02116;01;04;13;28;108;1;17;06;1;1;;;;;;;09;;05;;;;;;;;6;6;1;2;2;;0;5;1;26,06;2;1;10,75;1;6;0;5;6;0;5;6;0;5;1;13,03;1;49,84;2;;;;;;;;;;;;;;;;;;;;;;;;;;;;;;;;;;;;;1;1;0;2;039;13;1;1;1;1;1;1;3;3;1;3;2;2;6;3;1;1062,564272;1062,564272;1062,564272
04;2020;02694;01;01;01;21;108;1;08;10;1;1;1;0;0;0;0;0;11;;05;;;6;;;;;6;6;;;;6;0;5;6;0;5;1;6,57;1;6;0;5;6;0;5;6;0;5;1;42,09;1;48,66;1;;;;;;;;;0;0;0;0;0;0;0;0;0;0;0;0;0;0;0;0;0;0;0;0;0;0;0;0;1;1;;;1;1;0;2;054;01;5;3;2;1;1;1;3;3;1;3;1;1;6;2;1;1722,044779;1722,044779;1722,044779
04;2020;02805;01;01;13;28;108;1;18;03;1;1;1;0;0;0;0;0;11;;05;;;6;;;;;6;6;;2;2;6;0;5;6;0;5;1;15,05;1;6;0;5;6;0;5;6;0;5;1;19,58;1;34,63;1;;;;;;;;;0;0;0;0;0;0;0;0;0;0;0;0;0;0;0;0;0;0;0;0;0;0;0;0;1;0;09;1;1;1;0;1;041;13;5;2;1;1;1;5;3;4;1;3;1;1;6;3;1;1930,944643;1930,944643;1930,944643
04;2020;02805;01;02;13;28;108;1;18;03;1;1;1;0;0;0;0;0;11;;05;;;6;;;;;6;6;;2;2;6;0;5;6;0;5;1;15,05;1;6;0;5;6;0;5;6;0;5;1;19,58;1;34,63;1;;;;;;;;;0;0;0;0;0;0;0;0;0;0;0;0;0;0;0;0;0;0;0;0;0;0;0;0;1;0;09;1;1;1;0;1;041;13;5;2;1;1;1;5;3;4;1;3;1;1;6;3;1;1930,944643;1930,944643;1930,944643
04;2020;03006;01;01;00;00;004;6;18;03;213;30;1;0;0;0;0;0;03;;01;6;;6;;;;;1;6;2;3;2;6;0;5;1;1157,51;4;1;1139,68;4;1;708,7;4;1;166,01;4;6;0;5;1;581,21;4;3753,11;4;7;7;7;07;;;;;0;0;1;0;0;0;1;0;1;0;1;1;0;1;0;1;0;0;1;1;0;0;1;1;0;1;08;6;1;1;0;1;025;01;2;1;1;1;1;1;3;4;2;;5;4;6;3;1;14456,643739;14456,643739;14456,643739
04;2020;03022;01;04;16;48;108;1;17;06;10;10;;;;;;;11;;05;;;;;;;;6;6;;2;2;;0;5;6;0;5;1;82,28;1;6;0;5;6;0;5;6;0;5;1;222,04;1;304,32;1;;;;;;;;;;;;;;;;;;;;;;;;;;;;;;;;;;;;;1;1;0;2;053;06;5;3;1;1;1;5;3;3;1;4;2;2;6;2;1;348,843799;348,843799;348,843799
04;2020;03022;01;05;16;48;108;1;17;06;10;10;;;;;;;11;;05;;;;;;;;6;6;;2;2;;0;5;6;0;5;1;82,28;1;6;0;5;6;0;5;6;0;5;1;222,04;1;304,32;1;;;;;;;;;;;;;;;;;;;;;;;;;;;;;;;;;;;;;1;1;0;2;053;06;5;3;1;1;1;5;3;3;1;4;2;2;6;2;1;348,843799;348,843799;348,843799
04;2020;03067;01;01;09;08;108;1;08;10;6;6;1;0;0;0;0;0;10;;05;;;6;;;;;6;6;;;;6;0;5;6;0;5;1;169,36;1;6;0;5;6;0;5;6;0;5;1;206,08;1;375,44;1;;;;;;;;;0;0;0;0;0;0;0;0;0;0;0;0;0;0;0;0;0;0;0;0;0;0;0;0;1;0;;;1;1;0;1;060;15;4;1;1;1;1;2;3;3;1;3;1;1;1;4;1;226,652908;226,652908;226,652908
04;2020;03073;01;01;11;10;108;1;12;10;21;21;0;0;0;1;0;0;09;;05;;;6;;;;;6;6;;;;6;0;5;1;593,98;2;1;53,1;2;6;0;5;6;0;5;6;0;5;6;0;5;647,08;2;;;7;10;;;;;;;;;;;;;;;;;;;;;;;;;;;;;;;;;1;1;0;2;043;11;5;2;1;1;1;2;1;3;2;;4;4;6;2;1;4052,035908;4052,035908;4052,035908
04;2020;03149;01;01;01;14;108;1;12;10;10;10;0;1;0;0;0;0;09;;05;;;6;;;;;6;6;;;;6;0;5;1;197,82;2;1;13,82;2;1;125,6;4;6;0;5;6;0;5;6;0;5;337,24;2;;;7;10;;;;;;;;;;;;;;;;;;;;;;;;;;;;;;;;;2;2;0;2;068;01;5;3;1;1;1;2;1;1;4;;3;2;1;3;1;2021,967503;2021,967503;2021,967503
04;2020;03299;01;02;12;15;108;1;08;09;6;6;0;0;0;1;0;0;11;;05;;;6;;;;;6;6;;;;6;0;5;6;0;5;1;4,35;1;6;0;5;6;0;5;6;0;5;1;50,21;1;54,56;1;;;;;;;;;0;0;0;0;0;1;0;0;1;0;0;0;0;0;0;0;0;0;0;1;0;0;1;1;1;0;;;1;1;0;1;018;12;1;1;1;1;1;1;3;1;1;4;5;3;6;3;1;8655,101438;8655,101438;8655,101438
04;2020;03346;01;03;05;38;108;1;08;09;2;2;1;0;0;0;0;0;11;;05;;;6;;;;;6;6;;;;6;0;5;6;0;5;1;9,79;1;6;0;5;6;0;5;6;0;5;1;41,83;1;51,62;1;;;;;;;;;0;0;0;0;0;0;0;0;0;0;0;0;0;0;0;0;0;0;0;0;0;0;0;0;1;0;;;1;1;0;1;050;05;5;3;1;1;1;5;3;1;1;3;1;1;6;1;1;1584,892012;1584,892012;1584,892012
04;2020;03422;01;01;11;06;108;1;12;10;4;4;0;0;1;0;0;0;09;;05;;;6;;;;;6;6;;;;6;0;5;1;143,58;2;1;15,55;2;6;0;5;6;0;5;6;0;5;6;0;5;159,13;2;;;7;10;;;;;;;;;;;;;;;;;;;;;;;;;;;;;;;;;1;1;0;2;065;11;5;3;1;1;1;2;1;2;4;;3;2;6;1;1;1002,867847;1002,867847;1002,867847
04;2020;03657;01;01;10;03;108;1;08;10;18;18;1;0;0;0;0;0;11;;05;;;6;;;;;6;6;;;;6;0;5;6;0;5;1;179,25;1;6;0;5;6;0;5;6;0;5;1;290;1;469,25;1;;;;;;;;;0;0;0;0;0;0;0;0;0;0;0;0;0;0;0;0;0;0;0;0;0;0;0;0;1;0;;;1;1;0;1;050;16;3;2;1;1;1;5;3;2;1;3;1;1;6;3;1;1780,352865;1780,352865;1780,352865
04;2020;03668;01;01;05;38;108;1;12;10;30;30;0;0;1;0;0;0;11;;05;;;6;;;;;6;6;;;;6;0;5;6;0;5;1;195,33;2;6;0;5;6;0;5;6;0;5;6;0;5;195,33;2;;;;;;;;;;;;;;;;;;;;;;;;;;;;;;;;;;;;;1;1;0;2;081;05;5;3;1;1;1;3;3;1;3;;1;1;6;1;1;1618,800405;1618,800405;1618,800405
04;2020;03772;01;01;01;29;108;1;17;06;3;3;;;;;;;03;;05;;;;;;;;6;6;1;1;2;;0;5;1;67,82;2;1;54,72;1;6;0;5;6;0;5;6;0;5;1;68,5;1;191,04;2;;;;;;;;;;;;;;;;;;;;;;;;;;;;;;;;;;;;;1;1;0;1;047;01;4;2;1;1;1;2;1;2;1;4;4;5;6;2;1;6591,537857;6591,537857;6591,537857
04;2020;03772;01;03;01;29;108;1;17;06;3;3;;;;;;;03;;05;;;;;;;;6;6;1;1;2;;0;5;1;67,82;2;1;54,72;1;6;0;5;6;0;5;6;0;5;1;68,5;1;191,04;2;;;;;;;;;;;;;;;;;;;;;;;;;;;;;;;;;;;;;1;1;0;1;047;01;4;2;1;1;1;2;1;2;1;4;4;5;6;2;1;6591,537857;6591,537857;6591,537857
04;2020;03772;01;02;01;29;108;1;17;06;3;3;;;;;;;03;;05;;;;;;;;6;6;1;1;2;;0;5;1;67,82;2;1;54,72;1;6;0;5;6;0;5;6;0;5;1;68,5;1;191,04;2;;;;;;;;;;;;;;;;;;;;;;;;;;;;;;;;;;;;;1;1;0;1;047;01;4;2;1;1;1;2;1;2;1;4;4;5;6;2;1;6591,537857;6591,537857;6591,537857
04;2020;04103;01;01;13;28;108;1;18;03;21;21;1;0;0;0;0;0;04;;05;;;6;;;;;6;6;2;2;2;6;0;5;1;337,07;1;1;81,61;1;6;0;5;6;0;5;1;599;5;1;224,76;1;1242,44;1;;;7;07;;;;;0;0;0;0;0;0;0;0;1;0;0;0;0;0;0;0;0;0;0;0;0;0;0;0;0;0;07;1;1;1;0;1;039;17;1;1;1;1;1;1;3;4;1;3;1;1;6;4;1;190,087701;190,087701;190,087701
04;2020;04555;01;01;12;15;108;1;17;06;14;14;;;;;;;01;1;05;;;;;;;;6;6;1;1;1;;0;5;1;562,82;1;1;79,52;1;1;163,89;1;6;0;5;6;0;5;1;119,79;1;926,02;1;;;;;;;;;;;;;;;;;;;;;;;;;;;;;;;;;;;;;1;1;0;1;056;06;5;2;1;1;1;1;3;1;1;3;1;1;6;1;1;43,872103;43,872103;43,872103
04;2020;04555;01;02;12;15;108;1;17;06;14;14;;;;;;;01;1;05;;;;;;;;6;6;1;1;1;;0;5;1;562,82;1;1;79,52;1;1;163,89;1;6;0;5;6;0;5;1;119,79;1;926,02;1;;;;;;;;;;;;;;;;;;;;;;;;;;;;;;;;;;;;;1;1;0;1;056;06;5;2;1;1;1;1;3;1;1;3;1;1;6;1;1;43,872103;43,872103;43,872103
04;2020;04720;01;01;00;00;004;6;11;04;54;30;1;0;0;0;0;0;09;;01;6;;6;;;;;6;6;;;;6;0;5;1;609,82;2;1;1717,34;2;1;774,13;2;6;0;5;6;0;5;1;858,8;2;3960,09;2;5;1;5;01;;;;;0;0;0;0;0;0;0;0;0;0;0;0;0;0;0;0;0;0;0;0;0;0;0;1;0;0;;;1;1;0;2;020;13;1;1;1;1;1;1;3;3;4;;4;4;1;6;1;4515,364346;4515,364346;4515,364346
04;2020;04856;01;02;13;28;108;1;17;06;2;2;;;;;;;03;;01;6;;;;;;;6;6;1;1;1;;0;5;1;232,14;1;1;137,56;1;1;34,96;1;6;0;5;6;0;5;1;31,7;1;436,36;1;;;;;;;;;;;;;;;;;;;;;;;;;;;;;;;;;;;;;1;1;0;2;061;04;1;1;1;1;1;2;1;4;1;4;3;2;1;5;1;453,315148;453,315148;453,315148
04;2020;04984;01;01;12;15;108;1;12;10;1;1;1;0;0;0;0;0;11;;05;;;6;;;;;6;6;;;;6;0;5;6;0;5;1;17,69;1;1;14,37;1;6;0;5;6;0;5;1;31,31;1;63,37;1;;;;;;;;;;;;;;;;;;;;;;;;;;;;;;;;;;;;;1;1;0;1;066;12;4;2;1;1;1;1;3;2;3;;1;1;1;1;1;728,592565;728,592565;728,592565
04;2020;05046;01;01;10;46;108;1;18;03;1;1;1;0;0;0;0;0;01;3;05;;;6;;;;;6;6;1;1;1;6;0;5;1;71,21;1;1;33,67;1;1;39,58;1;6;0;5;6;0;5;6;0;5;144,46;1;;;2;01;;;;;0;0;0;0;0;0;0;0;0;0;0;0;0;0;0;0;0;0;0;0;0;0;0;0;0;0;08;1;1;1;0;1;024;10;1;1;1;1;1;1;3;4;1;4;1;1;6;2;1;1747,21581;1747,21581;1747,21581
04;2020;05083;01;01;15;31;108;1;08;02;2;2;0;1;0;0;0;0;11;;05;;;6;;;;;6;6;;;;6;0;5;6;0;5;1;3,9;2;6;0;5;6;0;5;6;0;5;1;34,69;2;38,59;2;;;;;;;;;0;0;0;0;0;0;0;0;0;0;0;0;0;0;0;0;0;0;0;0;0;0;1;0;1;0;;;2;2;0;1;061;15;5;3;1;1;1;2;1;2;1;3;4;3;6;3;1;765,261121;765,261121;765,261121
04;2020;05086;01;01;07;09;108;1;12;10;11;11;0;1;1;0;0;0;01;8;05;;;6;;;;;6;6;;;;6;0;5;1;473,08;1;1;27,86;1;6;0;5;6;0;5;6;0;5;1;92,9;1;593,84;1;;;1;02;;;;;;;;;;;;;;;;;;;;;;;;;;;;;;;;;3;2;1;1;045;17;1;1;2;3;2;2;1;4;1;3;4;3;6;4;2,753386;38,216022;105,22346;71,719784
04;2020;05132;01;01;13;28;108;1;08;10;33;33;0;0;0;1;0;0;11;;09;;;6;;;;;6;6;;;;6;0;5;6;0;5;1;3,15;2;6;0;5;6;0;5;6;0;5;1;146;1;149,15;2;1;2;;;;;;;0;0;0;0;0;0;0;0;0;0;0;0;0;0;0;0;0;0;0;0;0;0;0;0;1;1;;;2;2;0;2;016;13;2;1;1;1;1;1;3;1;4;;2;2;6;1;1;8331,982699;8331,982699;8331,982699
04;2020;05557;01;06;17;26;108;1;08;02;2;2;1;0;0;0;0;0;11;;05;;;6;;;;;6;6;;;;6;0;5;6;0;5;1;2,38;2;6;0;5;6;0;5;6;0;5;1;23,82;2;26,2;2;;;;;;;;;0;0;0;0;0;0;0;0;0;0;0;0;0;0;0;0;0;0;0;0;0;0;0;0;1;0;;;1;1;0;1;021;15;5;3;1;1;1;1;3;1;4;;2;4;6;2;1;2946,932788;2946,932788;2946,932788
04;2020;05557;01;09;17;26;108;1;08;02;2;2;1;0;0;0;0;0;11;;05;;;6;;;;;6;6;;;;6;0;5;6;0;5;1;2,38;2;6;0;5;6;0;5;6;0;5;1;23,82;2;26,2;2;;;;;;;;;0;0;0;0;0;0;0;0;0;0;0;0;0;0;0;0;0;0;0;0;0;0;0;0;1;0;;;1;1;0;1;021;15;5;3;1;1;1;1;3;1;4;;2;4;6;2;1;2946,932788;2946,932788;2946,932788
04;2020;05557;01;08;17;26;108;1;08;02;2;2;1;0;0;0;0;0;11;;05;;;6;;;;;6;6;;;;6;0;5;6;0;5;1;2,38;2;6;0;5;6;0;5;6;0;5;1;23,82;2;26,2;2;;;;;;;;;0;0;0;0;0;0;0;0;0;0;0;0;0;0;0;0;0;0;0;0;0;0;0;0;1;0;;;1;1;0;1;021;15;5;3;1;1;1;1;3;1;4;;2;4;6;2;1;2946,932788;2946,932788;2946,932788
04;2020;05557;01;07;17;26;108;1;08;09;2;2;1;0;0;0;0;0;11;;05;;;6;;;;;6;6;;;;6;0;5;6;0;5;1;2,38;2;6;0;5;6;0;5;6;0;5;1;23,82;2;26,2;2;;;;;;;;;0;0;0;0;0;0;0;0;0;0;0;0;0;0;0;0;0;0;0;0;0;0;0;0;1;0;;;1;1;0;1;021;15;5;3;1;1;1;1;3;1;4;;2;4;6;2;1;2946,932788;2946,932788;2946,932788
04;2020;05598;01;01;16;48;108;1;08;10;4;4;0;1;0;0;0;0;11;;09;;;6;;;;;6;6;;;;6;0;5;6;0;5;1;1,44;1;1;10,58;1;6;0;5;6;0;5;1;23,59;1;35,61;1;1;2;;;;;;;0;0;0;0;0;1;0;0;0;0;0;0;0;0;0;0;0;0;0;0;0;0;1;0;1;0;;;2;2;0;1;028;16;4;1;1;1;1;1;2;2;1;1;3;2;6;2;1;10858,122634;10858,122634;10858,122634
04;2020;05785;01;01;10;03;108;1;08;02;1;1;0;1;1;0;0;0;11;;05;;;6;;;;;6;6;;;;6;0;5;6;0;5;1;29,03;1;6;0;5;6;0;5;6;0;5;6;0;5;29,03;1;;;;;;;;;0;0;0;0;0;0;0;0;0;0;0;0;0;0;0;0;0;0;0;0;0;0;0;0;1;0;;;4;2;2;2;036;10;1;1;1;1;1;2;1;3;1;3;4;4;6;2;5,286055;2837,478238;14999,066027;8918,264671
04;2020;05927;01;01;10;03;108;1;08;02;1;1;1;0;0;0;0;0;11;;05;;;6;;;;;6;6;;;;6;0;5;6;0;5;1;7,47;1;6;0;5;6;0;5;6;0;5;1;19,62;1;27,09;1;;;;;;;;;0;0;0;0;0;0;0;0;0;0;0;0;0;0;0;0;0;0;0;0;0;0;0;0;1;0;;;1;1;0;1;050;10;1;1;1;1;1;5;3;2;2;;2;3;6;1;1;5247,811882;5247,811882;5247,811882
04;2020;05959;01;01;10;46;108;1;08;10;3;3;0;1;0;0;0;0;11;;05;;;6;;;;;6;6;;;;6;0;5;6;0;5;1;2,21;1;6;0;5;6;0;5;6;0;5;1;31,14;1;33,35;1;;;;;;;;;0;0;0;0;0;0;0;0;0;0;0;0;0;0;0;0;0;0;0;0;0;0;0;0;1;0;;;2;2;0;2;085;10;4;2;1;1;1;2;1;2;3;;3;2;6;3;1;3592,37187;3592,37187;3592,37187
04;2020;06323;01;07;12;15;108;1;17;06;4;4;;;;;;;02;;05;;;;;;;;6;6;2;2;2;;0;5;1;140,7;1;1;40,3;1;1;66,8;1;6;0;5;6;0;5;1;39,03;1;286,83;1;;;;;;;;;;;;;;;;;;;;;;;;;;;;;;;;;;;;;1;1;0;1;043;12;2;1;1;1;1;1;3;4;1;4;4;3;6;4;1;232,649033;232,649033;232,649033
04;2020;06323;01;12;12;15;108;1;17;06;4;4;;;;;;;02;;05;;;;;;;;6;6;2;2;2;;0;5;1;140,7;1;1;40,3;1;1;66,8;1;6;0;5;6;0;5;1;39,03;1;286,83;1;;;;;;;;;;;;;;;;;;;;;;;;;;;;;;;;;;;;;1;1;0;1;043;12;2;1;1;1;1;1;3;4;1;4;4;3;6;4;1;232,649033;232,649033;232,649033
04;2020;06323;01;11;12;15;108;1;17;06;4;4;;;;;;;02;;05;;;;;;;;6;6;2;2;2;;0;5;1;140,7;1;1;40,3;1;1;66,8;1;6;0;5;6;0;5;1;39,03;1;286,83;1;;;;;;;;;;;;;;;;;;;;;;;;;;;;;;;;;;;;;1;1;0;1;043;12;2;1;1;1;1;1;3;4;1;4;4;3;6;4;1;232,649033;232,649033;232,649033
04;2020;06323;01;10;12;15;108;1;17;06;4;4;;;;;;;02;;05;;;;;;;;6;6;2;2;2;;0;5;1;140,7;1;1;40,3;1;1;66,8;1;6;0;5;6;0;5;1;39,03;1;286,83;1;;;;;;;;;;;;;;;;;;;;;;;;;;;;;;;;;;;;;1;1;0;1;043;12;2;1;1;1;1;1;3;4;1;4;4;3;6;4;1;232,649033;232,649033;232,649033
04;2020;06323;01;09;12;15;108;1;17;06;4;4;;;;;;;02;;05;;;;;;;;6;6;2;2;2;;0;5;1;140,7;1;1;40,3;1;1;66,8;1;6;0;5;6;0;5;1;39,03;1;286,83;1;;;;;;;;;;;;;;;;;;;;;;;;;;;;;;;;;;;;;1;1;0;1;043;12;2;1;1;1;1;1;3;4;1;4;4;3;6;4;1;232,649033;232,649033;232,649033
04;2020;06323;01;08;12;15;108;1;17;06;4;4;;;;;;;02;;05;;;;;;;;6;6;2;2;2;;0;5;1;140,7;1;1;40,3;1;1;66,8;1;6;0;5;6;0;5;1;39,03;1;286,83;1;;;;;;;;;;;;;;;;;;;;;;;;;;;;;;;;;;;;;1;1;0;1;043;12;2;1;1;1;1;1;3;4;1;4;4;3;6;4;1;232,649033;232,649033;232,649033
04;2020;06480;01;03;05;35;108;1;08;02;2;2;0;1;0;0;0;0;11;;05;;;6;;;;;6;6;;;;6;0;5;6;0;5;1;12,17;1;6;0;5;6;0;5;6;0;5;1;47,03;2;59,2;2;;;;;;;;;0;0;0;0;0;0;0;0;0;0;0;0;0;0;0;0;0;0;0;0;0;0;0;0;1;0;;;2;2;0;1;063;05;4;2;1;1;1;2;1;2;3;;4;4;6;2;1;8655,17957;8655,17957;8655,17957
04;2020;06547;01;01;13;28;108;1;17;06;7;7;;;;;;;03;;05;;;;;;;;6;6;2;2;2;;0;5;1;174,16;1;1;107,06;2;6;0;5;1;43,36;2;6;0;5;1;51,47;2;376,05;2;;;;;;;;;;;;;;;;;;;;;;;;;;;;;;;;;;;;;1;1;0;1;036;06;5;3;1;1;1;1;3;3;1;2;4;3;6;3;1;2114,662247;2114,662247;2114,662247
04;2020;06675;01;01;00;00;004;6;07;10;30;30;0;0;0;0;1;0;02;;01;6;;6;;;;;1;6;;;;6;0;5;1;635,47;1;1;957,93;1;1;637,03;1;1;131,54;1;6;0;5;1;295,96;1;2657,93;1;5;3;1;01;;;;;0;0;1;0;0;0;0;0;0;0;1;1;0;1;1;0;1;0;0;1;1;0;1;1;0;1;09;6;1;1;0;1;027;09;4;2;1;1;1;1;3;3;2;;2;3;6;1;1;4794,759935;4794,759935;4794,759935
04;2020;06729;01;01;10;12;108;1;15;10;4;4;0;0;0;1;0;0;09;;05;;;6;;;;;6;6;;;;6;0;5;1;104,75;2;1;11,35;1;6;0;5;6;0;5;6;0;5;1;43,04;2;159,14;2;;;7;10;;;;;0;0;0;0;0;0;0;0;0;0;0;0;0;0;0;0;0;0;0;0;0;0;0;0;0;0;;;1;1;0;2;054;10;5;3;1;1;1;4;3;2;1;3;2;2;1;2;1;1205,390826;1205,390826;1205,390826
04;2020;06848;01;01;06;39;108;1;07;02;2;2;0;1;0;0;0;0;10;;05;;;6;;;;;6;6;;;;6;0;5;6;0;5;1;10,21;1;6;0;5;6;0;5;6;0;5;1;44,08;1;54,29;1;;;;;;;;;0;0;0;0;0;0;0;0;0;0;0;0;0;0;0;0;0;0;0;0;0;0;0;0;0;0;09;1;2;2;0;2;056;06;3;2;1;1;1;2;1;4;1;3;4;3;1;4;1;1059,658621;1059,658621;1059,658621
04;2020;06866;01;01;07;47;108;1;08;10;62;33;0;1;0;0;0;0;11;;05;;;6;;;;;6;6;;;;6;0;5;6;0;5;1;79,35;4;6;0;5;6;0;5;6;0;5;1;522,85;4;602,2;4;;;;;;;;;0;0;0;0;0;0;0;0;0;0;0;0;0;0;0;0;0;0;0;0;0;0;0;0;1;0;;;2;2;0;1;070;03;1;1;1;1;1;2;1;4;3;;3;2;1;5;1;513,634083;513,634083;513,634083
04;2020;06960;01;01;05;38;108;1;17;06;5;5;;;;;;;10;;05;;;;;;;;6;6;;2;2;;0;5;6;0;5;1;11,27;1;1;153,57;1;6;0;5;6;0;5;1;136,53;1;301,37;1;;;;;;;;;;;;;;;;;;;;;;;;;;;;;;;;;;;;;1;1;0;1;038;05;3;2;1;1;1;1;3;1;1;2;2;2;1;4;1;6685,1396;6685,1396;6685,1396
04;2020;06960;01;02;05;38;108;1;17;06;5;5;;;;;;;10;;05;;;;;;;;6;6;;2;2;;0;5;6;0;5;1;11,27;1;1;153,57;1;6;0;5;6;0;5;1;136,53;1;301,37;1;;;;;;;;;;;;;;;;;;;;;;;;;;;;;;;;;;;;;1;1;0;1;038;05;3;2;1;1;1;1;3;1;1;2;2;2;1;4;1;6685,1396;6685,1396;6685,1396
04;2020;07033;01;05;16;48;108;1;17;06;4;4;;;;;;;11;;05;;;;;;;;6;6;;2;2;;0;5;6;0;5;1;28,63;1;1;26,08;1;6;0;5;6;0;5;1;38,06;1;92,77;1;;;;;;;;;;;;;;;;;;;;;;;;;;;;;;;;;;;;;1;1;0;2;038;16;5;3;1;1;1;1;3;2;1;4;1;1;6;2;1;658,015825;658,015825;658,015825
04;2020;07177;01;01;16;48;108;1;15;10;7;7;1;0;0;0;0;0;11;;05;;;6;;;;;6;6;;;;6;0;5;6;0;5;1;6,51;1;6;0;5;6;0;5;6;0;5;1;132,57;1;139,08;1;;;;;;;;;0;0;0;0;0;0;0;0;0;0;0;0;0;0;0;0;0;0;0;0;0;0;0;0;0;0;;;1;1;0;1;051;16;5;3;1;1;1;4;3;3;1;3;2;2;6;3;1;1132,625131;1132,625131;1132,625131
04;2020;07177;01;02;16;48;108;1;15;10;7;7;1;0;0;0;0;0;11;;05;;;6;;;;;6;6;;;;6;0;5;6;0;5;1;6,51;1;6;0;5;6;0;5;6;0;5;1;132,57;1;139,08;1;;;;;;;;;0;0;0;0;0;0;0;0;0;0;0;0;0;0;0;0;0;0;0;0;0;0;0;0;0;0;;;1;1;0;1;051;16;5;3;1;1;1;4;3;3;1;3;2;2;6;3;1;1132,625131;1132,625131;1132,625131
04;2020;07254;01;01;05;35;108;1;08;02;2;2;1;0;0;0;0;0;11;;05;;;6;;;;;6;6;;;;6;0;5;6;0;5;1;10,4;1;6;0;5;6;0;5;6;0;5;1;33,33;1;43,73;1;;;;;;;;;0;0;0;0;0;0;0;0;0;0;0;0;0;0;0;0;0;0;0;0;0;0;0;0;1;0;;;1;1;0;1;044;05;3;2;1;1;1;5;3;2;2;;1;1;6;2;1;957,023612;957,023612;957,023612
04;2020;07266;01;01;09;08;108;1;12;10;1;1;0;1;1;0;0;0;09;;05;;;6;;;;;6;6;;;;6;0;5;1;38,23;2;1;10,85;1;1;23,71;1;6;0;5;6;0;5;6;0;5;72,79;2;;;7;10;;;;;;;;;;;;;;;;;;;;;;;;;;;;;;;;;3;2;1;1;024;09;4;2;1;1;1;1;2;2;1;4;5;6;6;3;3,143027;17741,345116;55761,526716;36751,418551
04;2020;07342;02;01;12;27;108;1;15;02;2;2;1;0;0;0;0;0;10;;05;;;6;;;;;6;6;;;;6;0;5;6;0;5;1;5,11;2;6;0;5;6;0;5;6;0;5;1;37,28;2;42,39;1;;;;;;;;;0;0;0;0;0;0;0;0;0;0;0;0;0;0;0;0;0;0;0;0;0;0;0;0;0;0;;;1;1;0;1;056;12;2;1;1;1;1;2;1;2;1;1;4;3;1;4;1;4217,500799;4217,500799;4217,500799
04;2020;07695;01;01;07;09;108;1;07;01;4;4;1;0;0;0;0;0;03;;05;;;6;;;;;6;6;;;;6;0;5;1;195,76;1;1;31,26;1;6;0;5;6;0;5;6;0;5;1;62,41;1;289,43;1;;;7;07;;;;;0;0;0;0;0;0;0;0;1;0;0;0;0;1;0;0;0;0;0;0;0;0;0;0;1;1;08;1;1;1;0;1;025;07;5;3;1;1;1;1;3;4;1;4;4;4;6;5;1;6535,733138;6535,733138;6535,733138
04;2020;07753;01;01;04;07;108;1;08;02;1;1;1;0;0;0;0;0;11;;05;;;6;;;;;6;6;;;;6;0;5;6;0;5;1;9,33;2;6;0;5;6;0;5;6;0;5;1;26,08;2;35,41;2;;;;;;;;;0;0;0;0;0;0;0;0;0;0;0;0;0;0;0;0;0;0;0;0;0;0;0;0;1;0;;;1;1;0;2;060;04;1;1;1;1;1;2;1;3;1;4;4;3;6;3;1;1472,968357;1472,968357;1472,968357
04;2020;07753;01;02;04;07;108;1;08;10;1;1;1;0;0;0;0;0;11;;05;;;6;;;;;6;6;;;;6;0;5;6;0;5;1;9,33;2;6;0;5;6;0;5;6;0;5;1;26,08;2;35,41;2;;;;;;;;;0;0;0;0;0;0;0;0;0;0;0;0;0;0;0;0;0;0;0;0;0;0;0;0;1;0;;;1;1;0;2;060;04;1;1;1;1;1;2;1;3;1;4;4;3;6;3;1;1472,968357;1472,968357;1472,968357
04;2020;07934;02;01;01;41;108;1;15;10;4;4;0;1;1;0;0;0;11;;05;;;6;;;;;6;6;;;;6;0;5;6;0;5;1;59,73;1;6;0;5;6;0;5;6;0;5;6;0;5;59,73;4;;;;;;;;;0;0;0;0;0;0;0;0;0;0;0;0;0;0;0;0;0;0;0;0;0;0;0;0;0;0;;;3;2;1;1;040;01;3;1;1;1;1;2;1;4;2;;4;3;6;3;2,842746;3952,813527;11236,844843;7594,826114
04;2020;08318;01;02;10;46;108;1;08;10;1;1;1;0;0;0;0;0;11;;05;;;6;;;;;6;6;;;;6;0;5;6;0;5;1;9,81;1;1;10,56;1;6;0;5;6;0;5;1;18,21;1;38,58;1;;;;;;;;;0;0;0;0;0;0;0;0;0;0;0;0;0;0;0;0;0;0;0;0;0;0;0;0;1;0;;;1;1;0;1;056;10;1;1;1;1;1;1;3;3;1;3;1;1;6;3;1;1312,083209;1312,083209;1312,083209
04;2020;08704;01;01;05;38;108;1;08;09;2;2;0;1;0;0;0;0;11;;05;;;6;;;;;6;6;;;;6;0;5;6;0;5;1;16,18;1;6;0;5;6;0;5;6;0;5;1;37,92;1;54,1;1;;;;;;;;;0;0;0;0;0;0;0;0;0;0;0;0;0;0;0;0;0;0;0;0;0;0;0;0;1;0;;;2;2;0;2;058;05;1;1;1;1;1;2;1;4;1;3;4;3;6;3;1;1645,61575;1645,61575;1645,61575
04;2020;08704;01;02;05;38;108;1;08;02;2;2;0;1;0;0;0;0;11;;05;;;6;;;;;6;6;;;;6;0;5;6;0;5;1;16,18;1;6;0;5;6;0;5;6;0;5;1;37,92;1;54,1;1;;;;;;;;;0;0;0;0;0;0;0;0;0;0;0;0;0;0;0;0;0;0;0;0;0;0;0;0;1;0;;;2;2;0;2;058;05;1;1;1;1;1;2;1;4;1;3;4;3;6;3;1;1645,61575;1645,61575;1645,61575
04;2020;09102;03;01;07;49;108;1;18;03;3;3;1;0;0;0;0;0;11;;05;;;6;;;;;6;6;;1;1;6;0;5;6;0;5;1;74,55;1;6;0;5;6;0;5;6;0;5;1;62,09;1;136,64;1;;;;;;;;;0;0;0;0;0;0;0;0;0;0;0;0;0;0;0;0;0;0;0;0;0;0;0;0;0;0;05;1;1;1;0;1;058;17;1;1;1;1;1;2;1;3;1;3;3;2;6;4;1;242,644815;242,644815;242,644815
04;2020;09508;01;02;14;30;108;1;15;02;1;1;1;0;0;0;0;0;11;;05;;;6;;;;;6;6;;;;6;0;5;6;0;5;1;25,52;1;6;0;5;6;0;5;6;0;5;1;24,16;1;49,68;1;;;;;;;;;0;0;0;0;0;0;0;0;0;0;0;0;0;0;0;0;0;0;0;0;0;0;0;0;1;0;;;1;1;0;1;059;14;3;2;1;1;1;2;1;2;1;3;4;3;6;2;1;1175,463268;1175,463268;1175,463268
04;2020;09508;01;04;14;30;108;1;15;02;1;1;1;0;0;0;0;0;11;;05;;;6;;;;;6;6;;;;6;0;5;6;0;5;1;25,52;1;6;0;5;6;0;5;6;0;5;1;24,16;1;49,68;1;;;;;;;;;0;0;0;0;0;0;0;0;0;0;0;0;0;0;0;0;0;0;0;0;0;0;0;0;1;0;;;1;1;0;1;059;14;3;2;1;1;1;2;1;2;1;3;4;3;6;2;1;1175,463268;1175,463268;1175,463268
04;2020;09508;01;03;14;30;108;1;15;09;1;1;1;0;0;0;0;0;11;;05;;;6;;;;;6;6;;;;6;0;5;6;0;5;1;25,52;1;6;0;5;6;0;5;6;0;5;1;24,16;1;49,68;1;;;;;;;;;0;0;0;0;0;0;0;0;0;0;0;0;0;0;0;0;0;0;0;0;0;0;0;0;1;0;;;1;1;0;1;059;14;3;2;1;1;1;2;1;2;1;3;4;3;6;2;1;1175,463268;1175,463268;1175,463268
04;2020;09702;02;01;14;30;108;1;17;06;25;25;;;;;;;01;3;06;;;;;;;;6;6;1;1;2;;0;5;1;974,62;2;1;160,31;4;1;455,74;1;6;0;5;6;0;5;1;232,95;1;1823,62;2;;;;;;;;;;;;;;;;;;;;;;;;;;;;;;;;;;;;;1;1;0;1;054;07;1;1;1;1;1;2;1;4;1;3;4;4;1;5;1;251,227028;251,227028;251,227028
04;2020;09716;01;01;08;45;108;1;08;10;40;33;0;0;0;1;0;0;11;;05;;;6;;;;;6;6;;;;6;0;5;6;0;5;1;18,15;4;6;0;5;6;0;5;6;0;5;1;313,67;4;331,82;4;;;;;;;;;0;0;0;0;0;0;0;0;0;0;0;0;0;0;0;0;0;0;0;0;0;0;0;0;1;0;;;1;1;0;2;055;13;1;1;1;1;1;1;3;3;2;;2;2;6;1;1;2065,505202;2065,505202;2065,505202
04;2020;09759;01;01;10;03;108;1;01;02;2;2;0;0;0;1;0;0;11;;05;;;6;;;;;6;6;;;;6;0;5;6;0;5;1;12,35;2;6;0;5;6;0;5;6;0;5;1;43,54;1;55,89;2;;;;;;;;;0;0;0;0;0;0;0;0;1;0;0;0;0;0;0;0;0;0;0;0;0;0;0;1;0;0;09;1;1;1;0;1;018;10;2;1;1;1;1;1;3;2;4;;2;2;6;3;1;1050,72219;1050,72219;1050,72219
04;2020;09971;01;01;05;35;108;1;08;10;42;33;0;0;0;1;1;0;11;;01;1;;6;;;;;6;6;;;;6;0;5;6;0;5;1;129,58;4;1;357,77;4;6;0;5;6;0;5;1;309,32;4;796,67;4;4;7;;;;;;;0;0;0;0;0;0;0;0;0;0;1;0;0;1;0;0;0;0;0;0;0;0;1;1;1;1;;;1;1;0;2;048;01;1;1;1;1;1;2;1;2;1;4;3;2;6;2;1;5814,701091;5814,701091;5814,701091
04;2020;10013;01;01;15;31;108;1;08;02;1;1;0;1;1;0;0;0;11;;05;;;6;;;;;6;6;;;;6;0;5;6;0;5;1;12,89;1;6;0;5;6;0;5;6;0;5;1;19,75;1;32,64;1;;;;;;;;;0;0;0;0;0;1;0;0;0;0;0;0;0;0;0;0;0;0;0;0;0;0;0;0;1;0;;;5;2;3;1;026;15;5;2;1;1;1;1;2;2;1;4;4;5;6;2;7,429082;1992,975646;14805,979498;8399,476587
04;2020;10013;02;01;15;31;108;1;08;02;1;1;0;1;1;0;0;0;11;;05;;;6;;;;;6;6;;;;6;0;5;6;0;5;1;5,88;1;6;0;5;6;0;5;6;0;5;1;17,4;1;23,28;1;;;;;;;;;0;0;0;0;0;1;0;0;0;0;0;0;0;0;0;0;0;0;0;0;0;0;0;0;1;0;;;5;2;3;1;026;15;5;2;1;1;1;1;2;2;1;4;4;5;6;2;7,429082;1992,975646;14805,979498;8399,476587
04;2020;10185;02;01;15;31;108;1;12;10;9;9;0;1;0;0;0;0;09;;05;;;6;;;;;6;6;;;;6;0;5;1;290,02;2;1;14,75;2;6;0;5;6;0;5;6;0;5;6;0;5;304,77;2;;;7;10;;;;;;;;;;;;;;;;;;;;;;;;;;;;;;;;;2;2;0;1;065;15;5;3;1;1;1;2;1;3;3;;3;2;6;3;1;588,367066;588,367066;588,367066
04;2020;10225;01;01;01;11;108;1;12;10;2;2;1;0;0;0;0;0;09;;07;;;6;;;;;6;6;;;;6;0;5;1;42,7;2;1;2,82;1;6;0;5;6;0;5;6;0;5;1;28,69;2;74,21;2;1;7;7;10;;;;;;;;;;;;;;;;;;;;;;;;;;;;;;;;;1;1;0;2;025;01;2;1;1;1;1;1;3;4;1;3;1;1;6;3;1;2054,116194;2054,116194;2054,116194
04;2020;10239;01;01;09;08;108;1;08;10;5;5;1;0;0;0;0;0;11;;05;;;6;;;;;6;6;;;;6;0;5;6;0;5;1;3,04;1;6;0;5;6;0;5;6;0;5;1;51,01;1;54,05;1;;;;;;;;;0;0;0;0;0;0;0;0;0;0;0;0;0;0;0;0;0;0;0;0;0;0;0;0;1;0;;;1;1;0;2;055;09;1;1;1;1;1;1;3;3;1;3;1;1;6;3;1;1830,092773;1830,092773;1830,092773
04;2020;10239;01;02;09;08;108;1;08;10;5;5;1;0;0;0;0;0;11;;05;;;6;;;;;6;6;;;;6;0;5;6;0;5;1;3,04;1;6;0;5;6;0;5;6;0;5;1;51,01;1;54,05;1;;;;;;;;;0;0;0;0;0;0;0;0;0;0;0;0;0;0;0;0;0;0;0;0;0;0;0;0;1;0;;;1;1;0;2;055;09;1;1;1;1;1;1;3;3;1;3;1;1;6;3;1;1830,092773;1830,092773;1830,092773
04;2020;10818;01;01;06;39;108;1;18;03;3;3;1;0;0;0;0;0;01;8;05;;;6;;;;;6;6;1;1;1;6;0;5;1;257,68;1;1;109,83;1;6;0;5;6;0;5;6;0;5;6;0;5;367,51;1;;;2;01;;;;;0;0;0;0;0;0;0;0;0;0;0;0;0;0;0;0;0;0;0;0;0;0;0;0;0;0;09;6;1;1;0;1;034;12;1;1;1;1;1;1;3;4;1;3;5;3;1;4;1;958,58087;958,58087;958,58087
04;2020;10820;01;01;05;38;108;1;08;10;8;8;1;0;0;0;0;0;11;;05;;;6;;;;;6;6;;;;6;0;5;6;0;5;1;12,27;1;6;0;5;6;0;5;6;0;5;1;89;1;101,27;1;;;;;;;;;0;0;0;0;0;0;0;0;0;0;0;0;0;0;0;0;0;0;0;0;0;0;0;0;1;0;;;1;1;0;2;061;05;3;2;1;1;1;4;3;3;1;3;1;1;6;3;1;882,342211;882,342211;882,342211
04;2020;11009;01;01;16;20;108;1;18;03;2;2;1;0;0;0;0;0;01;8;05;;;6;;;;;6;6;1;1;1;6;0;5;1;212,14;2;1;79,59;1;6;0;5;6;0;5;6;0;5;6;0;5;291,73;2;;;2;10;;;;;0;0;0;0;0;0;0;0;0;0;0;0;0;0;0;0;0;0;0;0;0;0;0;0;0;0;07;1;1;1;0;1;023;06;4;2;1;1;1;1;3;4;1;3;4;3;6;3;1;2003,12206;2003,12206;2003,12206
04;2020;11025;01;01;14;30;108;1;17;06;5;5;;;;;;;03;;05;;;;;;;;6;6;1;1;1;;0;5;1;121;2;1;68,84;2;6;0;5;6;0;5;6;0;5;1;73,67;1;263,51;2;;;;;;;;;;;;;;;;;;;;;;;;;;;;;;;;;;;;;1;1;0;1;021;10;5;3;1;1;1;1;3;2;1;4;5;6;6;4;1;12912,871042;12912,871042;12912,871042
04;2020;11076;01;01;12;36;108;1;08;02;2;2;1;0;0;0;0;0;11;;05;;;6;;;;;6;6;;;;6;0;5;6;0;5;1;11,09;1;6;0;5;6;0;5;6;0;5;1;32,5;1;43,59;1;;;;;;;;;0;0;0;0;0;0;0;0;0;0;0;0;0;0;0;0;0;0;0;0;0;0;0;0;1;0;;;1;1;0;2;058;12;2;1;1;1;1;2;1;3;1;3;4;3;6;3;1;2677,220371;2677,220371;2677,220371
04;2020;11076;01;02;12;36;108;1;08;02;2;2;1;0;0;0;0;0;11;;05;;;6;;;;;6;6;;;;6;0;5;6;0;5;1;11,09;1;6;0;5;6;0;5;6;0;5;1;32,5;1;43,59;1;;;;;;;;;0;0;0;0;0;0;0;0;0;0;0;0;0;0;0;0;0;0;0;0;0;0;0;0;1;0;;;1;1;0;2;058;12;2;1;1;1;1;2;1;3;1;3;4;3;6;3;1;2677,220371;2677,220371;2677,220371
04;2020;11089;01;01;08;13;108;1;08;09;1;1;1;0;0;0;0;0;09;;05;;;6;;;;;6;6;;;;6;0;5;1;44,63;2;1;12,03;1;6;0;5;6;0;5;6;0;5;1;24,69;1;81,35;2;;;7;10;;;;;0;0;0;0;0;0;0;0;0;0;0;0;0;0;0;0;0;0;0;0;0;0;0;0;1;0;;;1;1;0;1;026;08;2;2;1;1;1;1;3;4;4;;1;1;6;1;1;1085,588149;1085,588149;1085,588149
04;2020;11089;01;03;08;13;108;1;08;02;1;1;1;0;0;0;0;0;09;;05;;;6;;;;;6;6;;;;6;0;5;1;44,63;2;1;12,03;1;6;0;5;6;0;5;6;0;5;1;24,69;1;81,35;2;;;7;10;;;;;0;0;0;0;0;0;0;0;0;0;0;0;0;0;0;0;0;0;0;0;0;0;0;0;1;0;;;1;1;0;1;026;08;2;2;1;1;1;1;3;4;4;;1;1;6;1;1;1085,588149;1085,588149;1085,588149
04;2020;11089;01;02;08;13;108;1;08;02;1;1;1;0;0;0;0;0;09;;05;;;6;;;;;6;6;;;;6;0;5;1;44,63;2;1;12,03;1;6;0;5;6;0;5;6;0;5;1;24,69;1;81,35;2;;;7;10;;;;;0;0;0;0;0;0;0;0;0;0;0;0;0;0;0;0;0;0;0;0;0;0;0;0;1;0;;;1;1;0;1;026;08;2;2;1;1;1;1;3;4;4;;1;1;6;1;1;1085,588149;1085,588149;1085,588149
04;2020;11240;01;01;09;08;108;1;12;10;1;1;0;1;0;0;0;0;01;4;05;;;6;;;;;6;6;;;;6;0;5;1;75,85;1;1;74,44;1;6;0;5;6;0;5;6;0;5;6;0;5;150,29;1;;;2;02;;;;;;;;;;;;;;;;;;;;;;;;;;;;;;;;;2;2;0;2;067;14;1;1;1;1;1;2;1;1;4;;3;2;6;2;1;1565,854867;1565,854867;1565,854867
04;2020;11324;02;01;00;00;001;6;08;10;11;11;0;1;1;0;0;0;10;;05;;;6;;;;;6;6;;;;6;0;5;6;0;5;1;40,75;1;6;0;5;6;0;5;6;0;5;1;95,51;1;136,26;1;;;;;;;;;0;0;0;0;0;0;0;0;0;0;0;0;0;0;0;0;0;0;0;0;0;0;0;0;1;0;;;3;3;0;2;050;07;4;2;2;3;2;2;1;1;1;3;4;3;1;3;1;3685,329608;3685,329608;3685,329608
04;2020;11382;01;04;09;43;108;1;08;02;1;1;0;1;0;0;0;0;11;;05;;;6;;;;;6;6;;;;6;0;5;6;0;5;1;8,8;1;6;0;5;6;0;5;6;0;5;1;20,7;1;29,5;1;;;;;;;;;0;0;0;0;0;0;0;0;0;0;0;0;0;0;0;0;0;0;0;0;0;0;0;0;1;0;;;2;2;0;1;065;09;1;1;1;1;1;2;1;1;3;;3;2;6;2;1;2766,997432;2766,997432;2766,997432
04;2020;11382;01;05;09;43;108;1;08;02;1;1;0;1;0;0;0;0;11;;05;;;6;;;;;6;6;;;;6;0;5;6;0;5;1;8,8;1;6;0;5;6;0;5;6;0;5;1;20,7;1;29,5;1;;;;;;;;;0;0;0;0;0;0;0;0;0;0;0;0;0;0;0;0;0;0;0;0;0;0;0;0;1;0;;;2;2;0;1;065;09;1;1;1;1;1;2;1;1;3;;3;2;6;2;1;2766,997432;2766,997432;2766,997432
04;2020;11438;01;01;01;41;108;1;08;10;28;28;0;1;0;0;0;0;11;;05;;;6;;;;;6;6;;;;6;0;5;6;0;5;1;50,43;1;6;0;5;6;0;5;6;0;5;1;279,39;1;329,82;1;;;;;;;;;0;0;0;0;0;0;0;0;0;0;0;0;0;0;0;0;0;0;0;0;0;0;0;0;1;0;;;2;2;0;1;044;01;4;2;1;1;1;2;1;2;2;;3;2;6;1;1;2879,153596;2879,153596;2879,153596
04;2020;11529;01;02;12;15;108;1;08;09;1;1;1;0;0;0;0;0;11;;05;;;6;;;;;6;6;;;;6;0;5;6;0;5;1;10,22;1;6;0;5;6;0;5;6;0;5;1;27,53;1;37,75;1;;;;;;;;;0;0;0;0;0;1;0;0;0;0;0;0;0;0;0;0;0;0;0;0;0;0;0;0;1;0;;;1;1;0;2;050;12;3;2;1;1;1;5;3;4;1;3;1;1;6;4;1;1025,736741;1025,736741;1025,736741
04;2020;11621;01;01;17;26;108;1;17;06;2;2;;;;;;;10;;05;;;;;;;;6;6;;2;2;;0;5;6;0;5;1;6,77;1;1;14,92;1;1;2,93;1;6;0;5;1;14,66;1;39,28;1;;;;;;;;;;;;;;;;;;;;;;;;;;;;;;;;;;;;;1;1;0;1;055;17;1;1;1;1;1;5;3;2;1;3;1;1;1;2;1;259,016078;259,016078;259,016078
04;2020;11621;01;04;17;26;108;1;17;06;2;2;;;;;;;10;;05;;;;;;;;6;6;;2;2;;0;5;6;0;5;1;6,77;1;1;14,92;1;1;2,93;1;6;0;5;1;14,66;1;39,28;1;;;;;;;;;;;;;;;;;;;;;;;;;;;;;;;;;;;;;1;1;0;1;055;17;1;1;1;1;1;5;3;2;1;3;1;1;1;2;1;259,016078;259,016078;259,016078
04;2020;11621;01;03;17;26;108;1;17;06;2;2;;;;;;;10;;05;;;;;;;;6;6;;2;2;;0;5;6;0;5;1;6,77;1;1;14,92;1;1;2,93;1;6;0;5;1;14,66;1;39,28;1;;;;;;;;;;;;;;;;;;;;;;;;;;;;;;;;;;;;;1;1;0;1;055;17;1;1;1;1;1;5;3;2;1;3;1;1;1;2;1;259,016078;259,016078;259,016078
04;2020;11621;01;02;17;26;108;1;17;06;2;2;;;;;;;10;;05;;;;;;;;6;6;;2;2;;0;5;6;0;5;1;6,77;1;1;14,92;1;1;2,93;1;6;0;5;1;14,66;1;39,28;1;;;;;;;;;;;;;;;;;;;;;;;;;;;;;;;;;;;;;1;1;0;1;055;17;1;1;1;1;1;5;3;2;1;3;1;1;1;2;1;259,016078;259,016078;259,016078
04;2020;11646;01;05;07;49;108;1;17;06;4;4;;;;;;;02;;06;;;;;;;;6;6;1;1;1;;0;5;1;194,03;1;1;78,93;1;1;78,96;1;6;0;5;6;0;5;6;0;5;351,92;1;;;;;;;;;;;;;;;;;;;;;;;;;;;;;;;;;;;;;1;1;0;1;055;07;1;1;1;1;1;5;3;2;1;3;1;1;6;4;1;121,162631;121,162631;121,162631
04;2020;11646;01;07;07;49;108;1;17;06;4;4;;;;;;;02;;06;;;;;;;;6;6;1;1;1;;0;5;1;194,03;1;1;78,93;1;1;78,96;1;6;0;5;6;0;5;6;0;5;351,92;1;;;;;;;;;;;;;;;;;;;;;;;;;;;;;;;;;;;;;1;1;0;1;055;07;1;1;1;1;1;5;3;2;1;3;1;1;6;4;1;121,162631;121,162631;121,162631
04;2020;11646;01;06;07;49;108;1;17;06;4;4;;;;;;;02;;06;;;;;;;;6;6;1;1;1;;0;5;1;194,03;1;1;78,93;1;1;78,96;1;6;0;5;6;0;5;6;0;5;351,92;1;;;;;;;;;;;;;;;;;;;;;;;;;;;;;;;;;;;;;1;1;0;1;055;07;1;1;1;1;1;5;3;2;1;3;1;1;6;4;1;121,162631;121,162631;121,162631
04;2020;11662;01;05;11;06;108;1;17;06;4;4;;;;;;;03;;05;;;;;;;;6;6;2;2;2;;0;5;1;88,02;1;1;34,22;1;6;0;5;6;0;5;6;0;5;1;58,34;1;180,58;1;;;;;;;;;;;;;;;;;;;;;;;;;;;;;;;;;;;;;1;1;0;1;033;11;1;1;1;1;1;1;2;4;1;4;3;2;6;4;1;1406,324411;1406,324411;1406,324411
04;2020;11662;01;08;11;06;108;1;17;06;4;4;;;;;;;03;;05;;;;;;;;6;6;2;2;2;;0;5;1;88,02;1;1;34,22;1;6;0;5;6;0;5;6;0;5;1;58,34;1;180,58;1;;;;;;;;;;;;;;;;;;;;;;;;;;;;;;;;;;;;;1;1;0;1;033;11;1;1;1;1;1;1;2;4;1;4;3;2;6;4;1;1406,324411;1406,324411;1406,324411
04;2020;11662;01;07;11;06;108;1;17;06;4;4;;;;;;;03;;05;;;;;;;;6;6;2;2;2;;0;5;1;88,02;1;1;34,22;1;6;0;5;6;0;5;6;0;5;1;58,34;1;180,58;1;;;;;;;;;;;;;;;;;;;;;;;;;;;;;;;;;;;;;1;1;0;1;033;11;1;1;1;1;1;1;2;4;1;4;3;2;6;4;1;1406,324411;1406,324411;1406,324411
04;2020;11662;01;06;11;06;108;1;17;06;4;4;;;;;;;03;;05;;;;;;;;6;6;2;2;2;;0;5;1;88,02;1;1;34,22;1;6;0;5;6;0;5;6;0;5;1;58,34;1;180,58;1;;;;;;;;;;;;;;;;;;;;;;;;;;;;;;;;;;;;;1;1;0;1;033;11;1;1;1;1;1;1;2;4;1;4;3;2;6;4;1;1406,324411;1406,324411;1406,324411
04;2020;11908;01;01;01;21;108;1;17;06;1;1;;;;;;;11;;05;;;;;;;;6;6;;1;2;;0;5;6;0;5;1;27,95;1;6;0;5;6;0;5;6;0;5;1;21,53;1;49,48;1;;;;;;;;;;;;;;;;;;;;;;;;;;;;;;;;;;;;;1;1;0;1;047;01;1;1;1;1;1;1;3;4;1;3;1;1;6;2;1;1439,490804;1439,490804;1439,490804
04;2020;11908;01;02;01;21;108;1;17;06;1;1;;;;;;;11;;05;;;;;;;;6;6;;1;2;;0;5;6;0;5;1;27,95;1;6;0;5;6;0;5;6;0;5;1;21,53;1;49,48;1;;;;;;;;;;;;;;;;;;;;;;;;;;;;;;;;;;;;;1;1;0;1;047;01;1;1;1;1;1;1;3;4;1;3;1;1;6;2;1;1439,490804;1439,490804;1439,490804
04;2020;11930;01;01;17;26;108;1;08;10;2;2;0;1;0;0;0;0;11;;05;;;6;;;;;6;6;;;;6;0;5;6;0;5;1;33,5;1;6;0;5;6;0;5;6;0;5;6;0;5;33,5;1;;;;;;;;;0;0;0;0;0;0;0;0;0;0;0;0;0;0;0;0;0;0;0;0;0;0;0;0;1;0;;;2;2;0;1;064;17;5;2;1;1;1;2;1;4;3;;3;2;6;5;1;295,216767;295,216767;295,216767
04;2020;11948;01;01;09;08;108;1;08;02;1;1;1;0;0;0;0;0;11;;05;;;6;;;;;6;6;;;;6;0;5;6;0;5;1;5,19;1;6;0;5;6;0;5;6;0;5;1;22,85;2;28,04;2;;;;;;;;;0;0;0;0;0;0;0;0;0;0;0;0;0;0;0;0;0;0;0;0;0;0;0;0;1;0;;;1;1;0;1;048;09;1;1;1;1;1;1;3;3;1;3;1;1;6;5;1;4977,664729;4977,664729;4977,664729
04;2020;12226;01;01;13;28;108;1;12;10;10;10;1;0;0;0;0;0;09;;05;;;6;;;;;6;6;;;;6;0;5;1;263,72;2;1;7,35;1;6;0;5;6;0;5;6;0;5;6;0;5;271,07;2;;;7;10;;;;;;;;;;;;;;;;;;;;;;;;;;;;;;;;;1;1;0;1;085;13;4;2;2;2;2;3;3;1;3;;5;5;1;4;1;10422,602804;10422,602804;10422,602804
04;2020;12299;01;01;01;18;108;1;17;06;5;5;;;;;;;03;;05;;;;;;;;6;6;3;2;1;;0;5;1;113,23;1;1;78,22;1;6;0;5;6;0;5;6;0;5;1;84,58;1;276,03;1;;;;;;;;;;;;;;;;;;;;;;;;;;;;;;;;;;;;;1;1;0;1;051;01;3;2;1;1;1;2;1;3;1;3;4;4;6;4;1;2724,068094;2724,068094;2724,068094
04;2020;12299;01;04;01;18;108;1;17;06;5;5;;;;;;;03;;05;;;;;;;;6;6;3;2;1;;0;5;1;113,23;1;1;78,22;1;6;0;5;6;0;5;6;0;5;1;84,58;1;276,03;1;;;;;;;;;;;;;;;;;;;;;;;;;;;;;;;;;;;;;1;1;0;1;051;01;3;2;1;1;1;2;1;3;1;3;4;4;6;4;1;2724,068094;2724,068094;2724,068094
04;2020;12299;01;03;01;18;108;1;17;06;5;5;;;;;;;03;;05;;;;;;;;6;6;3;2;1;;0;5;1;113,23;1;1;78,22;1;6;0;5;6;0;5;6;0;5;1;84,58;1;276,03;1;;;;;;;;;;;;;;;;;;;;;;;;;;;;;;;;;;;;;1;1;0;1;051;01;3;2;1;1;1;2;1;3;1;3;4;4;6;4;1;2724,068094;2724,068094;2724,068094
04;2020;12299;01;02;01;18;108;1;17;06;5;5;;;;;;;03;;05;;;;;;;;6;6;3;2;1;;0;5;1;113,23;1;1;78,22;1;6;0;5;6;0;5;6;0;5;1;84,58;1;276,03;1;;;;;;;;;;;;;;;;;;;;;;;;;;;;;;;;;;;;;1;1;0;1;051;01;3;2;1;1;1;2;1;3;1;3;4;4;6;4;1;2724,068094;2724,068094;2724,068094
04;2020;12436;01;01;01;04;108;1;17;06;2;2;;;;;;;11;;05;;;;;;;;6;6;;2;3;;0;5;6;0;5;1;37,49;1;1;42,78;1;6;0;5;6;0;5;1;23,22;1;103,49;1;;;;;;;;;;;;;;;;;;;;;;;;;;;;;;;;;;;;;1;1;0;2;031;01;3;2;1;1;1;1;3;4;1;4;4;4;6;3;1;4859,130742;4859,130742;4859,130742
04;2020;12436;01;02;01;04;108;1;17;06;2;2;;;;;;;11;;05;;;;;;;;6;6;;2;3;;0;5;6;0;5;1;37,49;1;1;42,78;1;6;0;5;6;0;5;1;23,22;1;103,49;1;;;;;;;;;;;;;;;;;;;;;;;;;;;;;;;;;;;;;1;1;0;2;031;01;3;2;1;1;1;1;3;4;1;4;4;4;6;3;1;4859,130742;4859,130742;4859,130742
04;2020;12491;01;01;01;11;108;1;08;10;67;33;0;1;0;0;0;0;11;;10;;1;6;;;;;6;6;;;;6;0;5;6;0;5;1;65,37;4;1;286,06;4;6;0;5;6;0;5;1;289,26;4;640,69;4;3;1;;;;;;;0;0;0;0;0;1;0;0;0;0;1;0;0;0;0;0;0;0;0;0;0;0;0;0;1;0;;;2;2;0;2;077;13;1;1;1;1;1;2;1;2;4;;3;2;6;2;1;2713,285018;2713,285018;2713,285018
04;2020;12495;02;01;15;31;108;1;12;10;15;15;1;0;0;0;0;0;09;;09;;;6;;;;;6;6;;;;6;0;5;1;281,35;2;1;17,9;2;6;0;5;6;0;5;6;0;5;6;0;5;299,25;2;1;2;7;10;;;;;;;;;;;;;;;;;;;;;;;;;;;;;;;;;1;1;0;2;081;15;5;2;1;1;1;1;3;2;3;;1;1;6;1;1;807,213092;807,213092;807,213092
04;2020;12693;01;01;13;28;108;1;17;06;12;12;;;;;;;03;;06;;;;;;;;6;6;2;1;1;;0;5;1;195,77;1;1;77,05;2;1;122,18;1;6;0;5;6;0;5;1;113,21;1;508,21;2;;;;;;;;;;;;;;;;;;;;;;;;;;;;;;;;;;;;;1;1;0;1;046;10;1;1;1;1;1;2;1;2;1;3;4;3;6;4;1;6304,98144;6304,98144;6304,98144
04;2020;12693;01;02;13;28;108;1;17;06;12;12;;;;;;;03;;06;;;;;;;;6;6;2;1;1;;0;5;1;195,77;1;1;77,05;2;1;122,18;1;6;0;5;6;0;5;1;113,21;1;508,21;2;;;;;;;;;;;;;;;;;;;;;;;;;;;;;;;;;;;;;1;1;0;1;046;10;1;1;1;1;1;2;1;2;1;3;4;3;6;4;1;6304,98144;6304,98144;6304,98144
04;2020;12837;01;01;04;07;108;1;15;09;5;5;0;1;0;0;0;0;10;;05;;;6;;;;;6;6;;;;6;0;5;6;0;5;1;19,88;2;6;0;5;6;0;5;6;0;5;1;94,3;2;114,18;2;;;;;;;;;0;0;0;0;0;0;0;0;0;0;0;0;0;0;0;0;0;0;0;0;0;0;0;0;1;0;;;2;2;0;1;068;04;1;1;1;1;1;2;1;4;1;3;3;2;1;5;1;732,279638;732,279638;732,279638
04;2020;12837;01;03;04;07;108;1;15;10;5;5;0;1;0;0;0;0;10;;05;;;6;;;;;6;6;;;;6;0;5;6;0;5;1;19,88;2;6;0;5;6;0;5;6;0;5;1;94,3;2;114,18;2;;;;;;;;;0;0;0;0;0;0;0;0;0;0;0;0;0;0;0;0;0;0;0;0;0;0;0;0;1;0;;;2;2;0;1;068;04;1;1;1;1;1;2;1;4;1;3;3;2;1;5;1;732,279638;732,279638;732,279638
04;2020;12837;01;02;04;07;108;1;15;10;5;5;0;1;0;0;0;0;10;;05;;;6;;;;;6;6;;;;6;0;5;6;0;5;1;19,88;2;6;0;5;6;0;5;6;0;5;1;94,3;2;114,18;2;;;;;;;;;0;0;0;0;0;0;0;0;0;0;0;0;0;0;0;0;0;0;0;0;0;0;0;0;1;0;;;2;2;0;1;068;04;1;1;1;1;1;2;1;4;1;3;3;2;1;5;1;732,279638;732,279638;732,279638
04;2020;12843;01;02;15;31;108;1;08;02;1;1;1;0;0;0;0;0;11;;05;;;6;;;;;6;6;;;;6;0;5;6;0;5;1;8,33;1;6;0;5;6;0;5;6;0;5;1;21,27;1;29,6;1;;;;;;;;;0;0;0;0;0;0;0;0;0;0;0;0;0;0;0;0;0;0;0;0;0;0;0;0;1;0;;;1;1;0;2;048;15;5;3;1;1;1;2;1;4;1;3;3;2;6;5;1;660,572565;660,572565;660,572565
04;2020;12843;01;03;15;31;108;1;08;02;1;1;1;0;0;0;0;0;11;;05;;;6;;;;;6;6;;;;6;0;5;6;0;5;1;8,33;1;6;0;5;6;0;5;6;0;5;1;21,27;1;29,6;1;;;;;;;;;0;0;0;0;0;0;0;0;0;0;0;0;0;0;0;0;0;0;0;0;0;0;0;0;1;0;;;1;1;0;2;048;15;5;3;1;1;1;2;1;4;1;3;3;2;6;5;1;660,572565;660,572565;660,572565
04;2020;12947;01;01;09;08;108;1;08;10;4;4;1;0;0;0;0;0;11;;10;;1;6;;;;;6;6;;;;6;0;5;6;0;5;1;334,42;1;6;0;5;6;0;5;6;0;5;6;0;5;334,42;1;2;1;;;;;;;0;0;0;0;0;0;0;0;0;0;0;0;0;0;0;0;0;0;0;0;0;0;0;0;1;0;;;1;1;0;1;044;01;1;1;1;1;1;2;1;4;1;3;4;4;6;3;1;2661,715597;2661,715597;2661,715597
04;2020;13029;01;01;16;20;108;1;08;02;2;2;1;0;0;0;0;0;11;;05;;;6;;;;;6;6;;;;6;0;5;6;0;5;1;6,56;1;6;0;5;6;0;5;6;0;5;1;32,47;1;39,03;1;;;;;;;;;0;0;0;0;0;0;0;0;0;0;0;0;0;0;0;0;0;0;0;0;0;0;0;0;1;0;;;1;1;0;2;039;16;1;1;1;1;1;1;3;3;1;4;1;1;6;2;1;1134,870749;1134,870749;1134,870749
04;2020;13106;01;01;01;41;108;1;08;02;2;2;1;0;0;0;0;0;11;;05;;;6;;;;;6;6;;;;6;0;5;6;0;5;1;8,92;1;1;28,28;1;6;0;5;6;0;5;1;24,66;1;61,86;1;;;;;;;;;0;0;0;0;0;0;0;0;0;0;0;0;0;0;0;0;0;0;0;0;0;0;0;0;1;0;;;1;1;0;2;025;01;2;1;1;1;1;1;3;4;1;4;4;3;6;3;1;4310,516673;4310,516673;4310,516673
04;2020;13106;01;02;01;41;108;1;08;02;2;2;1;0;0;0;0;0;11;;05;;;6;;;;;6;6;;;;6;0;5;6;0;5;1;8,92;1;1;28,28;1;6;0;5;6;0;5;1;24,66;1;61,86;1;;;;;;;;;0;0;0;0;0;0;0;0;0;0;0;0;0;0;0;0;0;0;0;0;0;0;0;0;1;0;;;1;1;0;2;025;01;2;1;1;1;1;1;3;4;1;4;4;3;6;3;1;4310,516673;4310,516673;4310,516673
04;2020;13392;01;05;09;08;108;1;17;06;1;1;;;;;;;09;;05;;;;;;;;6;6;1;2;1;;0;5;1;39,03;2;1;8,09;1;6;0;5;6;0;5;6;0;5;6;0;5;47,12;2;;;;;;;;;;;;;;;;;;;;;;;;;;;;;;;;;;;;;1;1;0;1;037;09;1;1;2;2;2;2;1;4;1;3;4;3;6;5;1;5826,511191;5826,511191;5826,511191
04;2020;13419;01;01;14;30;108;1;08;02;1;1;0;1;0;0;0;0;11;;05;;;6;;;;;6;6;;;;6;0;5;6;0;5;1;18,95;1;6;0;5;6;0;5;6;0;5;1;21,58;1;40,53;1;;;;;;;;;0;0;0;0;0;0;0;0;0;0;0;0;0;0;0;0;0;0;0;0;0;0;0;0;1;0;;;2;2;0;1;065;10;1;1;1;1;1;2;1;4;1;1;3;2;1;4;1;1569,457887;1569,457887;1569,457887
04;2020;13758;01;01;07;47;108;1;12;10;6;6;1;0;0;0;0;0;09;;05;;;6;;;;;6;6;;;;6;0;5;1;216,02;2;1;18,82;2;6;0;5;6;0;5;6;0;5;6;0;5;234,84;2;;;7;10;;;;;;;;;;;;;;;;;;;;;;;;;;;;;;;;;1;1;0;2;076;07;5;2;1;1;1;2;1;1;4;;3;2;6;1;1;2242,045823;2242,045823;2242,045823
04;2020;14109;01;01;07;24;108;1;07;10;33;33;1;0;0;0;0;0;10;;05;;;6;;;;;6;6;;;;6;0;5;6;0;5;1;15,35;1;6;0;5;6;0;5;6;0;5;1;230,8;1;246,15;1;;;;;;;;;0;0;0;0;0;0;0;0;0;0;0;0;0;0;0;0;0;0;0;0;0;0;0;0;0;1;08;1;1;1;0;2;069;07;5;3;1;1;1;3;3;2;4;;1;1;1;1;1;1541,243879;1541,243879;1541,243879
04;2020;14402;01;01;14;30;108;1;12;10;4;4;0;1;0;0;0;0;09;;05;;;6;;;;;6;6;;;;6;0;5;1;89,81;2;1;6,32;1;6;0;5;6;0;5;6;0;5;1;36,9;1;133,03;2;;;3;10;;;;;;;;;;;;;;;;;;;;;;;;;;;;;;;;;2;2;0;2;039;14;5;2;2;2;2;2;1;3;1;3;4;4;6;3;1;1395,184838;1395,184838;1395,184838
04;2020;14451;01;01;12;36;108;1;18;03;1;1;1;0;0;0;0;0;11;;05;;;6;;;;;6;6;;1;2;6;0;5;6;0;5;1;36,36;1;6;0;5;6;0;5;6;0;5;1;14,64;1;51;1;;;;;;;;;0;0;0;0;0;0;0;0;0;0;0;0;0;0;0;0;0;0;0;0;0;0;0;0;1;0;10;1;1;1;0;1;053;12;4;2;1;1;1;2;3;3;1;1;1;1;6;1;1;525,866588;525,866588;525,866588
04;2020;14451;02;04;12;36;108;1;18;03;2;2;1;0;0;0;0;0;11;;05;;;6;;;;;6;6;;1;2;6;0;5;6;0;5;1;40,03;1;6;0;5;6;0;5;6;0;5;1;33,24;1;73,27;1;;;;;;;;;0;0;0;0;0;0;0;0;0;0;0;0;0;0;0;0;0;0;0;0;0;0;0;0;1;0;10;1;1;1;0;1;053;12;4;2;1;1;1;2;3;3;1;1;1;1;6;1;1;525,866588;525,866588;525,866588
04;2020;14451;02;03;12;36;108;1;18;03;2;2;1;0;0;0;0;0;11;;05;;;6;;;;;6;6;;1;2;6;0;5;6;0;5;1;40,03;1;6;0;5;6;0;5;6;0;5;1;33,24;1;73,27;1;;;;;;;;;0;0;0;0;0;0;0;0;0;0;0;0;0;0;0;0;0;0;0;0;0;0;0;0;1;0;10;1;1;1;0;1;053;12;4;2;1;1;1;2;3;3;1;1;1;1;6;1;1;525,866588;525,866588;525,866588
04;2020;14451;02;02;12;36;108;1;18;03;2;2;1;0;0;0;0;0;11;;05;;;6;;;;;6;6;;1;2;6;0;5;6;0;5;1;40,03;1;6;0;5;6;0;5;6;0;5;1;33,24;1;73,27;1;;;;;;;;;0;0;0;0;0;0;0;0;0;0;0;0;0;0;0;0;0;0;0;0;0;0;0;0;1;0;10;1;1;1;0;1;053;12;4;2;1;1;1;2;3;3;1;1;1;1;6;1;1;525,866588;525,866588;525,866588
04;2020;14451;02;01;12;36;108;1;18;03;2;2;1;0;0;0;0;0;11;;05;;;6;;;;;6;6;;1;2;6;0;5;6;0;5;1;40,03;1;6;0;5;6;0;5;6;0;5;1;33,24;1;73,27;1;;;;;;;;;0;0;0;0;0;0;0;0;0;0;0;0;0;0;0;0;0;0;0;0;0;0;0;0;1;0;10;1;1;1;0;1;053;12;4;2;1;1;1;2;3;3;1;1;1;1;6;1;1;525,866588;525,866588;525,866588
04;2020;14451;01;05;12;36;108;1;18;03;1;1;1;0;0;0;0;0;11;;05;;;6;;;;;6;6;;1;2;6;0;5;6;0;5;1;36,36;1;6;0;5;6;0;5;6;0;5;1;14,64;1;51;1;;;;;;;;;0;0;0;0;0;0;0;0;0;0;0;0;0;0;0;0;0;0;0;0;0;0;0;0;1;0;10;1;1;1;0;1;053;12;4;2;1;1;1;2;3;3;1;1;1;1;6;1;1;525,866588;525,866588;525,866588
04;2020;14451;01;04;12;36;108;1;18;03;1;1;1;0;0;0;0;0;11;;05;;;6;;;;;6;6;;1;2;6;0;5;6;0;5;1;36,36;1;6;0;5;6;0;5;6;0;5;1;14,64;1;51;1;;;;;;;;;0;0;0;0;0;0;0;0;0;0;0;0;0;0;0;0;0;0;0;0;0;0;0;0;1;0;10;1;1;1;0;1;053;12;4;2;1;1;1;2;3;3;1;1;1;1;6;1;1;525,866588;525,866588;525,866588
04;2020;14451;01;03;12;36;108;1;18;03;1;1;1;0;0;0;0;0;11;;05;;;6;;;;;6;6;;1;2;6;0;5;6;0;5;1;36,36;1;6;0;5;6;0;5;6;0;5;1;14,64;1;51;1;;;;;;;;;0;0;0;0;0;0;0;0;0;0;0;0;0;0;0;0;0;0;0;0;0;0;0;0;1;0;10;1;1;1;0;1;053;12;4;2;1;1;1;2;3;3;1;1;1;1;6;1;1;525,866588;525,866588;525,866588
04;2020;14451;01;02;12;36;108;1;18;03;1;1;1;0;0;0;0;0;11;;05;;;6;;;;;6;6;;1;2;6;0;5;6;0;5;1;36,36;1;6;0;5;6;0;5;6;0;5;1;14,64;1;51;1;;;;;;;;;0;0;0;0;0;0;0;0;0;0;0;0;0;0;0;0;0;0;0;0;0;0;0;0;1;0;10;1;1;1;0;1;053;12;4;2;1;1;1;2;3;3;1;1;1;1;6;1;1;525,866588;525,866588;525,866588
04;2020;14470;01;01;16;20;108;1;08;02;2;2;0;0;0;0;1;0;11;;05;;;6;;;;;6;6;;;;6;0;5;6;0;5;1;12,73;1;1;31,46;1;6;0;5;6;0;5;1;25,22;1;69,41;1;;;;;;;;;0;0;0;0;0;0;0;0;0;0;0;0;0;1;0;0;0;0;0;1;0;0;0;0;1;0;;;1;1;0;1;020;16;1;1;1;1;1;1;3;3;4;;4;4;6;5;1;7750,681949;7750,681949;7750,681949
